Handle,Title,Body (HTML),Vendor,Product Category,Type,Tags,Published,Option1 Name,Option1 Value,Option1 Linked To,Option2 Name,Option2 Value,Option2 Linked To,Option3 Name,Option3 Value,Option3 Linked To,Variant SKU,Variant Grams,Variant Inventory Tracker,Variant Inventory Policy,Variant Fulfillment Service,Variant Price,Variant Compare At Price,Variant Requires Shipping,Variant Taxable,Unit Price Total Measure,Unit Price Total Measure Unit,Unit Price Base Measure,Unit Price Base Measure Unit,Variant Barcode,Image Src,Image Position,Image Alt Text,Gift Card,SEO Title,SEO Description,Google Shopping / Google Product Category,Google Shopping / Gender,Google Shopping / Age Group,Google Shopping / MPN,Google Shopping / Condition,Google Shopping / Custom Product,Google Shopping / Custom Label 0,Google Shopping / Custom Label 1,Google Shopping / Custom Label 2,Google Shopping / Custom Label 3,Google Shopping / Custom Label 4,Strap Size (product.metafields.custom.strap_size),Google: Custom Product (product.metafields.mm-google-shopping.custom_product),Age group (product.metafields.shopify.age-group),Band material (product.metafields.shopify.band-material),Battery size (product.metafields.shopify.battery-size),Battery technology (product.metafields.shopify.battery-technology),Battery type (product.metafields.shopify.battery-type),Clasp type (product.metafields.shopify.clasp-type),Color (product.metafields.shopify.color-pattern),Operating system (product.metafields.shopify.operating-system),SIM card capability (product.metafields.shopify.sim-card-capability),Subscription type (product.metafields.shopify.subscription-type),Target gender (product.metafields.shopify.target-gender),Watch accessory style (product.metafields.shopify.watch-accessory-style),Watch display (product.metafields.shopify.watch-display),Watch features (product.metafields.shopify.watch-features),Complementary products (product.metafields.shopify--discovery--product_recommendation.complementary_products),Related products (product.metafields.shopify--discovery--product_recommendation.related_products),Related products settings (product.metafields.shopify--discovery--product_recommendation.related_products_display),Search product boosts (product.metafields.shopify--discovery--product_search_boost.queries),Variant Image,Variant Weight Unit,Variant Tax Code,Cost per item,Status
copy-of-mwc-1940s-1950s-dirty-dozen-pattern-general-service-watch-with-21-jewel-automatic-movement-2,Aeschbach WW2 Pattern Germany Luftwaffe / Reichsluftfahrtministerium (RLM) Pilots Watch with Sapphire Box Crystal and 21 Jewel Automatic Mechanical Movement,"<p><strong>SKU CODE: ABACH/DUHR1</strong></p>
<p>This automatic, self-winding military watch is a faithful reproduction of a classic World War II Aeschbach* design. It features a shatterproof and scratch-resistant sapphire crystal, a small subsidiary second-hand dial, and retains the timeless style used by the German Luftwaffe during the war. Originally issued to Luftwaffe pilots by the Reichsluftfahrtministerium (RLM/German Air Ministry) on a mission-by-mission basis, these watches were returned to the quartermaster after each mission.</p>
<p>This modern version closely replicates Aeschbach's original WWII models. While the authentic watches are rare and command high prices, this updated version remains almost indistinguishable in appearance, featuring enhancements for everyday practicality. The acrylic crystal from the original has been upgraded to sapphire for improved durability, and the 15-jewel hand-winding movement has been replaced with a 21-jewel self-winding automatic movement that also allows for manual winding if desired. The Watch also has a screw down locking crown to enhance water resistance and durability. These subtle updates ensure greater reliability while maintaining the historic design.</p>
<h3>Key Features:</h3>
<ul>
<li>
<strong>Case Material:</strong> Military-grade 316L stainless steel</li>
<li>
<strong>Crystal:</strong> Shatter- and scratch-resistant box sapphire, styled to mimic the original plexiglass</li>
<li>
<strong>Dial:</strong> Black with luminous markings</li>
<li>
<strong>Movement:</strong> 21-jewel automatic, with hacking and manual winding capabilities</li>
<li>
<strong>Water Resistance:</strong> 10ATM / 100M</li>
<li>
<strong>Crown: </strong>Stainless Steel Screw Down Locking</li>
<li>
<strong>Strap:</strong> 18mm black leather</li>
<li>
<strong>Lugs: </strong>Drilled Lugs</li>
<li>
<strong>Case Dimensions:</strong>
<ul>
<li>Diameter: 36.5 mm (excluding crown), 39 mm (including crown)</li>
<li>Lug-to-Lug: 43 mm</li>
<li>Thickness: 13.5 mm</li>
</ul>
</li>
<li>
<strong>Guarantee:</strong> 24 months</li>
<li>
<strong>Packaging:</strong> Supplied in a box with serial number engraved on the caseback</li>
</ul>
<hr>
<h3>Historical Context: Aeschbach Watches</h3>
<p>Aeschbach, established in 1923, was one of many Swiss and German manufacturers producing military watches during WWII for the Wehrmacht, Kriegsmarine, and Luftwaffe. Collecting these historical timepieces can be challenging due to the sheer number of manufacturers involved, with over 100 suppliers identified to date. A group of military watch enthusiasts has compiled a nearly comprehensive list of these manufacturers, which can be accessed on their website under ""WWII German Watches."" Contributions to fill in any gaps in their research are welcome.</p>
<h3>The Revival of Aeschbach</h3>
<p>Aeschbach, based in Pforzheim, faced devastating losses during WWII. Pforzheim, a southwestern German town known for its watchmaking industry, was heavily bombed during an RAF raid on February 23, 1945. The attack destroyed 83% of the town's buildings, including the Aeschbach workshops, and caused significant loss of life. Production ceased, and the company was presumed defunct.</p>
<p>Decades later, a surviving family member discovered original technical drawings and a small collection of watches while sorting through a deceased relative's belongings. This remarkable find provided the foundation to revive the brand, ensuring Aeschbach’s legacy continues.</p>
<p>This model, with its timeless design and thoughtful updates, celebrates the rich history of Aeschbach while offering modern reliability and durability.</p>
<p><em>MWC are the official authorised distributors for Aeschbach watches. </em></p>",Aeschbach,Apparel & Accessories > Jewelry > Watches,Classic Range,"Classic Range, Handwound & Automatic Models",true,Title,Default Title,,,,,,,,ABACH/DUHR1,0.0,shopify,deny,manual,279.00,,true,false,,,,,"",https://cdn.shopify.com/s/files/1/1140/1866/files/8F9F85EF-0F04-4D3A-B81B-D99005D169FF.png?v=1773902139,1,"",false,,,,,,,,,,,,,,,,,,,,,,,,,,,,,,,,,,,lb,,,active
copy-of-mwc-1940s-1950s-dirty-dozen-pattern-general-service-watch-with-21-jewel-automatic-movement-2,,,,,,,,,,,,,,,,,,,,,,,,,,,,,,,https://cdn.shopify.com/s/files/1/1140/1866/products/ABACH_DUHR1-Side_JAN0419b.jpg?v=1773902139,2,"",,,,,,,,,,,,,,,,,,,,,,,,,,,,,,,,,,,,,,,
copy-of-mwc-1940s-1950s-dirty-dozen-pattern-general-service-watch-with-21-jewel-automatic-movement-2,,,,,,,,,,,,,,,,,,,,,,,,,,,,,,,https://cdn.shopify.com/s/files/1/1140/1866/products/ABACH_DUHR1backJAN0417b.jpg?v=1773902139,3,"",,,,,,,,,,,,,,,,,,,,,,,,,,,,,,,,,,,,,,,
copy-of-mwc-1940s-1950s-dirty-dozen-pattern-general-service-watch-with-21-jewel-automatic-movement-2,,,,,,,,,,,,,,,,,,,,,,,,,,,,,,,https://cdn.shopify.com/s/files/1/1140/1866/products/Aeschbach-1-box_JAN0404b.jpg?v=1773902139,4,"",,,,,,,,,,,,,,,,,,,,,,,,,,,,,,,,,,,,,,,
copy-of-mwc-1940s-1950s-dirty-dozen-pattern-general-service-watch-with-21-jewel-automatic-movement-2,,,,,,,,,,,,,,,,,,,,,,,,,,,,,,,https://cdn.shopify.com/s/files/1/1140/1866/products/LuftwaffePilotsWW2_d6622e9e-4157-4010-83d9-52e8946be563.jpg?v=1773902139,5,"",,,,,,,,,,,,,,,,,,,,,,,,,,,,,,,,,,,,,,,
copy-of-mwc-1940s-1950s-dirty-dozen-pattern-general-service-watch-with-21-jewel-automatic-movement-2,,,,,,,,,,,,,,,,,,,,,,,,,,,,,,,https://cdn.shopify.com/s/files/1/1140/1866/files/ABACH_DUHR1_and_HW.jpg?v=1773902139,6,"",,,,,,,,,,,,,,,,,,,,,,,,,,,,,,,,,,,,,,,
copy-of-mwc-1940s-1950s-dirty-dozen-pattern-general-service-watch-with-21-jewel-automatic-movement-2,,,,,,,,,,,,,,,,,,,,,,,,,,,,,,,https://cdn.shopify.com/s/files/1/1140/1866/files/ABACH-DUHR1_8.jpg?v=1773902139,7,"",,,,,,,,,,,,,,,,,,,,,,,,,,,,,,,,,,,,,,,
copy-of-mwc-1940s-1950s-dirty-dozen-pattern-general-service-watch-with-21-jewel-automatic-movement-2,,,,,,,,,,,,,,,,,,,,,,,,,,,,,,,https://cdn.shopify.com/s/files/1/1140/1866/files/ABACH-DUHR15.jpg?v=1773902139,8,"",,,,,,,,,,,,,,,,,,,,,,,,,,,,,,,,,,,,,,,
copy-of-mwc-1940s-1950s-dirty-dozen-pattern-general-service-watch-with-21-jewel-automatic-movement-2,,,,,,,,,,,,,,,,,,,,,,,,,,,,,,,https://cdn.shopify.com/s/files/1/1140/1866/files/ABACH-DUHR11_f8242e1e-1d0e-493a-8b83-a1d9eeef44d2.jpg?v=1773902139,9,"",,,,,,,,,,,,,,,,,,,,,,,,,,,,,,,,,,,,,,,
copy-of-mwc-1940s-1950s-dirty-dozen-pattern-general-service-watch-with-21-jewel-automatic-movement-2,,,,,,,,,,,,,,,,,,,,,,,,,,,,,,,https://cdn.shopify.com/s/files/1/1140/1866/files/ABACH_DUHR1.jpg?v=1773902139,10,"",,,,,,,,,,,,,,,,,,,,,,,,,,,,,,,,,,,,,,,
copy-of-mwc-1940s-1950s-dirty-dozen-pattern-general-service-watch-with-21-jewel-automatic-movement-2,,,,,,,,,,,,,,,,,,,,,,,,,,,,,,,https://cdn.shopify.com/s/files/1/1140/1866/files/HE_AESCHBACH_DUHR1_2_4a0a9ef4-2628-482d-a0ff-cf2038aa68c1.jpg?v=1773902139,11,"",,,,,,,,,,,,,,,,,,,,,,,,,,,,,,,,,,,,,,,
aeschbach-ww2-pattern-luftwaffe-reichsluftfahrtministerium-rlm-pilots-watch-with-21-jewel-automatic-mechanical-movement,Aeschbach WW2 Pattern German Wehrmacht & Luftwaffe Dienstuhr (Army/Airforce Service Watch) with 21 Jewel Automatic Mechanical Movement,"<p data-end=""92"" data-start=""65""><strong data-end=""90"" data-start=""65"">SKU Code: ABACH/DUHR2</strong></p>
<p data-end=""417"" data-start=""94"">This <strong data-end=""150"" data-start=""99"">automatic self-winding Aeschbach military watch</strong> is a faithful recreation of the classic WWII designs used by the <strong data-end=""250"" data-start=""216"">German Wehrmacht and Luftwaffe</strong>. While original wartime models are now rare and highly sought after, this modern version remains <strong data-end=""377"" data-start=""348"">visually almost identical</strong> to the factory's WWII-era timepieces.</p>
<p data-end=""887"" data-start=""419"">Staying true to its heritage, this watch retains the <strong data-end=""491"" data-start=""472"">acrylic crystal</strong> used in the originals but upgrades the <strong data-end=""574"" data-start=""531"">15-jewel hand-wound mechanical movement</strong> to a <strong data-end=""624"" data-start=""580"">21-jewel self-winding automatic movement</strong>. It also includes a <strong data-end=""670"" data-start=""645"">manual winding option</strong>, ensuring both historical accuracy and modern convenience. The result is a watch that maintains its <strong data-end=""803"" data-start=""771"">authentic outward appearance</strong> while offering <strong data-end=""842"" data-start=""819"">subtle improvements</strong> for enhanced practicality in everyday use.</p>
<h3 data-end=""920"" data-start=""889""><strong data-end=""918"" data-start=""893"">Historical Background</strong></h3>
<p data-end=""1265"" data-start=""922"">During World War II, the <strong data-end=""989"" data-start=""947"">Wehrmacht, Kriegsmarine, and Luftwaffe</strong> sourced their timepieces from numerous <strong data-end=""1063"" data-start=""1029"">Swiss and German manufacturers</strong>, including <strong data-end=""1088"" data-start=""1075"">Aeschbach</strong>, which was established in 1923 and still exists today. Due to the sheer number of wartime watch suppliers—more than 100—collecting <strong data-end=""1247"" data-start=""1220"">German military watches</strong> can be complex.</p>
<p data-end=""1526"" data-start=""1267"">A dedicated group of military watch enthusiasts has compiled a <strong data-end=""1352"" data-start=""1330"">comprehensive list</strong> of these manufacturers, available online: <a rel=""noopener"" href=""https://military-watches.net/ww2-german-watches"" target=""_blank""><strong data-end=""1417"" data-start=""1395"">WW2 German Watches</strong></a>. The list is nearly complete, but additional contributions are welcome to help fill in any remaining gaps.</p>
<h3 data-end=""1552"" data-start=""1528""><strong data-end=""1550"" data-start=""1532"">Specifications</strong></h3>
<ul data-end=""2187"" data-start=""1554"">
<li data-end=""1627"" data-start=""1554"">
<strong data-end=""1574"" data-start=""1556"">Case Diameter:</strong> 36.5 mm (excluding crown), 39 mm (including crown)</li>
<li data-end=""1653"" data-start=""1628"">
<strong data-end=""1645"" data-start=""1630"">Lug to Lug:</strong> 43 mm</li>
<li data-end=""1680"" data-start=""1654"">
<strong data-end=""1670"" data-start=""1656"">Thickness:</strong> 13.5 mm</li>
<li data-end=""1714"" data-start=""1681"">
<strong data-end=""1696"" data-start=""1683"">Lug Type:</strong> Drilled</li>
<li data-end=""1741"" data-start=""1715"">
<strong data-end=""1733"" data-start=""1717"">Dial Colour:</strong> Black</li>
<li data-end=""1785"" data-start=""1742"">
<strong data-end=""1762"" data-start=""1744"">Case Material:</strong> 316L stainless steel</li>
<li data-end=""1824"" data-start=""1786"">
<strong data-end=""1801"" data-start=""1788"">Caseback:</strong> 316L stainless steel</li>
<li data-end=""1860"" data-start=""1825"">
<strong data-end=""1837"" data-start=""1827"">Crown:</strong> 316L stainless steel</li>
<li data-end=""1899"" data-start=""1861"">
<strong data-end=""1884"" data-start=""1863"">Water Resistance:</strong> 5 ATM (50 m)</li>
<li data-end=""1963"" data-start=""1900"">
<strong data-end=""1915"" data-start=""1902"">Movement:</strong> 21-jewel automatic with 36-hour power reserve</li>
<li data-end=""2001"" data-start=""1964"">
<strong data-end=""1978"" data-start=""1966"">Crystal:</strong> Plexiglass / Perspex</li>
<li data-end=""2037"" data-start=""2002"">
<strong data-end=""2026"" data-start=""2004"">Luminous Material:</strong> Luminova</li>
<li data-end=""2085"" data-start=""2038"">
<strong data-end=""2058"" data-start=""2040"">Serial Number:</strong> Engraved on the caseback</li>
<li data-end=""2119"" data-start=""2086"">
<strong data-end=""2098"" data-start=""2088"">Strap:</strong> 18mm black leather</li>
<li data-end=""2159"" data-start=""2120"">
<strong data-end=""2139"" data-start=""2122"">Presentation:</strong> Supplied in a box</li>
<li data-end=""2187"" data-start=""2160"">
<strong data-end=""2175"" data-start=""2162"">Warranty:</strong> 24 months</li>
</ul>
<h3 data-end=""2231"" data-start=""2189""><strong data-end=""2229"" data-start=""2193"">The History of Aeschbach Watches</strong></h3>
<p data-end=""2653"" data-start=""2233"">Aeschbach was a <strong data-end=""2284"" data-start=""2249"">leading WWII watch manufacturer</strong> but suffered significant losses during the war. The company was based in <strong data-end=""2371"" data-start=""2358"">Pforzheim</strong>, a key German watchmaking center, which was <strong data-end=""2434"" data-start=""2416"">heavily bombed</strong> during an <strong data-end=""2482"" data-start=""2445"">RAF air raid on February 23, 1945</strong>. This attack destroyed approximately <strong data-end=""2539"" data-start=""2520"">83% of the city</strong>, killed nearly <strong data-end=""2572"" data-start=""2555"">17,600 people</strong>, and <strong data-end=""2593"" data-start=""2578"">obliterated</strong> the Aeschbach workshops, halting production indefinitely.</p>
<p data-end=""3029"" data-start=""2655"">However, the <strong data-end=""2688"" data-start=""2668"">Aeschbach legacy</strong> was revived when a <strong data-end=""2725"" data-start=""2708"">family member</strong> discovered <strong data-end=""2806"" data-start=""2737"">surviving technical drawings and a collection of original watches</strong> while sorting through an elderly relative’s belongings. This find paved the way for the <strong data-end=""2928"" data-start=""2895"">relaunch of Aeschbach watches</strong>, ensuring that their <strong data-end=""3000"" data-start=""2950"">historical craftsmanship and military heritage</strong> continue to live on today.</p>
<p><em>MWC are official distributors for Aeschbach watches.</em></p>",Aeschbach,Apparel & Accessories > Jewelry > Watches,Classic Range,"Classic Range, Handwound & Automatic Models",true,Title,Default Title,,,,,,,,ABACH/DUHR2,0.0,shopify,deny,manual,239.00,,true,false,,,,,"",https://cdn.shopify.com/s/files/1/1140/1866/products/ABACH_DUHR2_JUL0004b.jpg?v=1657575621,1,"",false,,,,,,,,,,,,,,,,,,,,,,,,,,,,,,,,,,,lb,,,active
aeschbach-ww2-pattern-luftwaffe-reichsluftfahrtministerium-rlm-pilots-watch-with-21-jewel-automatic-mechanical-movement,,,,,,,,,,,,,,,,,,,,,,,,,,,,,,,https://cdn.shopify.com/s/files/1/1140/1866/products/ABACH_DUHR2-Night_JUL0042b.jpg?v=1657575621,2,"",,,,,,,,,,,,,,,,,,,,,,,,,,,,,,,,,,,,,,,
aeschbach-ww2-pattern-luftwaffe-reichsluftfahrtministerium-rlm-pilots-watch-with-21-jewel-automatic-mechanical-movement,,,,,,,,,,,,,,,,,,,,,,,,,,,,,,,https://cdn.shopify.com/s/files/1/1140/1866/products/ABACH_DUHR1-Side_JAN0419b_d21517c9-2976-4ad7-bb4d-30fddb95ff4b.jpg?v=1657575621,3,"",,,,,,,,,,,,,,,,,,,,,,,,,,,,,,,,,,,,,,,
aeschbach-ww2-pattern-luftwaffe-reichsluftfahrtministerium-rlm-pilots-watch-with-21-jewel-automatic-mechanical-movement,,,,,,,,,,,,,,,,,,,,,,,,,,,,,,,https://cdn.shopify.com/s/files/1/1140/1866/products/ABACH_DUHR2-caseback.webp?v=1657575621,4,"",,,,,,,,,,,,,,,,,,,,,,,,,,,,,,,,,,,,,,,
aeschbach-ww2-pattern-luftwaffe-reichsluftfahrtministerium-rlm-pilots-watch-with-21-jewel-automatic-mechanical-movement,,,,,,,,,,,,,,,,,,,,,,,,,,,,,,,https://cdn.shopify.com/s/files/1/1140/1866/products/ABACH_DUHR2-in-box_JUL0051b.jpg?v=1657575621,5,"",,,,,,,,,,,,,,,,,,,,,,,,,,,,,,,,,,,,,,,
aeschbach-ww2-pattern-luftwaffe-reichsluftfahrtministerium-rlm-pilots-watch-with-21-jewel-automatic-mechanical-movement,,,,,,,,,,,,,,,,,,,,,,,,,,,,,,,https://cdn.shopify.com/s/files/1/1140/1866/products/ABACH_DUHR2-box__JUL0056b.jpg?v=1657575621,6,"",,,,,,,,,,,,,,,,,,,,,,,,,,,,,,,,,,,,,,,
aeschbach-ww2-pattern-luftwaffe-reichsluftfahrtministerium-rlm-pilots-watch-with-21-jewel-automatic-mechanical-movement,,,,,,,,,,,,,,,,,,,,,,,,,,,,,,,https://cdn.shopify.com/s/files/1/1140/1866/products/LuftwaffePilotsWW2.jpg?v=1657970348,7,"",,,,,,,,,,,,,,,,,,,,,,,,,,,,,,,,,,,,,,,
copy-of-elvia-1950s-pattern-25-jewel-automatic-watch-with-retro-luminous-paint-sapphire-crystal-and-calf-leather-strap-1,"Aeschbach 1950s Pattern 25 Jewel Automatic, 200m Water Resistant Watch with Retro Luminous Paint, Sapphire Crystal & Calf Leather Strap","<p><strong>SKU Code: ABACH/BE57</strong></p>
<p>This watch is based on a 1957 pattern and features a box sapphire crystal, visually identical to the original plexiglass crystal. The movement is a Ronda R 150 or equivalent, a sophisticated 25-jewel automatic movement with an impressive frequency of 28,800 vibrations per hour (4Hz). This precision-crafted powerhouse boasts a substantial 38-hour power reserve, ensuring enduring performance. Notably equipped with hacking and hand-winding capabilities, it exemplifies both efficiency and convenience.</p>
<p>The watch uses Luminova instead of Tritium, which was used in the 1950s. The main advantage of Luminova is that it does not deteriorate with age and is non-radioactive. On this particular variant, the luminous paint color is identical to the original 1950s models.</p>
<p>This watch measures 39mm in diameter and comes with a high-quality calf leather strap and a presentation box.</p>
<h3>Dimensions and Specifications:</h3>
<ul>
<li>
<strong>Case Material:</strong> Stainless Steel</li>
<li>
<strong>Width Excluding Crown:</strong> 36 mm</li>
<li>
<strong>Width Including Crown:</strong> 39.5 mm</li>
<li>
<strong>Thickness with Crystal:</strong> 13.3 mm</li>
<li>
<strong>Lug to Lug:</strong> 43.5 mm</li>
<li>
<strong>Water Resistance:</strong> 200m / 660ft</li>
<li>
<strong>Movement:</strong> 25 Jewel Ronda R 150 or equivalent</li>
<li>
<strong>Power Reserve:</strong> 38 hours</li>
<li>
<strong>Crown:</strong> Screw-down locking</li>
<li>
<strong>Caseback:</strong> Screw</li>
<li>
<strong>Crystal:</strong> Sapphire</li>
<li>
<strong>Luminous Paint:</strong> Luminova</li>
<li>
<strong>Strap:</strong> 20mm Calf Leather</li>
</ul>
<h3>The History of Aeschbach Watches</h3>
<p>Originally founded in 1923, Aeschbach Watches was a leading manufacturer for the Wehrmacht, Kriegsmarine, and Luftwaffe during WWII. The company faced significant misfortune during the war, as it was located in Pforzheim, a town heavily bombed by the Royal Air Force on February 23, 1945. The attack resulted in the deaths of approximately 17,600 people and destroyed about 83% of Pforzheim's buildings, including the Aeschbach workshops.</p>
<p>However, the company saw a revival when a family member discovered original technical drawings and a quantity of surviving watches while sorting through a deceased relative's belongings. This find enabled the restart of Aeschbach Watches, marking its return to the market.</p>
<h3>Benefits of Sapphire Crystal</h3>
<p>Sapphire crystal is superior to the original plexiglass due to its strength, shatter, and scratch resistance. These characteristics make it appealing to military and security personnel, police officers, and those who lead active outdoor lifestyles, accounting for over 70% of our customers. Plexiglass, used in the 1960s, was easily scratched and prone to cracking, limiting water resistance. Sapphire crystals, heat-treated to remove internal stresses and coated with two layers of anti-reflective coating, offer unmatched durability. Although more expensive, sapphire is typically found in higher-end watches and is now used in the latest iPhone models.</p>
<p><strong>MWC are official distributors for Aeschbach Watches.</strong></p>
<p data-mce-fragment=""1""> </p>",Aeschbach,Apparel & Accessories > Jewelry > Watches,"","Handwound & Automatic Models, new arrivals",true,Title,Default Title,,,,,,,,ABACH/BE57,0.0,shopify,deny,manual,379.00,,true,false,,,,,"",https://cdn.shopify.com/s/files/1/1140/1866/files/ABACH_BE57FrontS.jpg?v=1698329775,1,"",false,,,,,,,,,,,,,,,,,,,,,,,,,,,,,,,,,,,kg,,,active
copy-of-elvia-1950s-pattern-25-jewel-automatic-watch-with-retro-luminous-paint-sapphire-crystal-and-calf-leather-strap-1,,,,,,,,,,,,,,,,,,,,,,,,,,,,,,,https://cdn.shopify.com/s/files/1/1140/1866/files/ABACH_BE57-SIDE.jpg?v=1698390835,2,"",,,,,,,,,,,,,,,,,,,,,,,,,,,,,,,,,,,,,,,
copy-of-elvia-1950s-pattern-25-jewel-automatic-watch-with-retro-luminous-paint-sapphire-crystal-and-calf-leather-strap-1,,,,,,,,,,,,,,,,,,,,,,,,,,,,,,,https://cdn.shopify.com/s/files/1/1140/1866/files/ABACH_BE57BackS.jpg?v=1698390835,3,"",,,,,,,,,,,,,,,,,,,,,,,,,,,,,,,,,,,,,,,
copy-of-elvia-1950s-pattern-25-jewel-automatic-watch-with-retro-luminous-paint-sapphire-crystal-and-calf-leather-strap-1,,,,,,,,,,,,,,,,,,,,,,,,,,,,,,,https://cdn.shopify.com/s/files/1/1140/1866/files/25J-Range_1.jpg?v=1706698364,4,"",,,,,,,,,,,,,,,,,,,,,,,,,,,,,,,,,,,,,,,
copy-of-elvia-1950s-pattern-25-jewel-automatic-watch-with-retro-luminous-paint-sapphire-crystal-and-calf-leather-strap-1,,,,,,,,,,,,,,,,,,,,,,,,,,,,,,,https://cdn.shopify.com/s/files/1/1140/1866/files/ABACH_DUHR2-box__JUL0056b_84f4af82-ed31-498e-9ccc-5b97eccc83cf.jpg?v=1706698364,5,"",,,,,,,,,,,,,,,,,,,,,,,,,,,,,,,,,,,,,,,
copy-of-elvia-1950s-pattern-25-jewel-automatic-watch-with-retro-luminous-paint-sapphire-crystal-and-calf-leather-strap-1,,,,,,,,,,,,,,,,,,,,,,,,,,,,,,,https://cdn.shopify.com/s/files/1/1140/1866/files/HE_AESCHBACH_DUHR1.jpg?v=1734195941,6,"",,,,,,,,,,,,,,,,,,,,,,,,,,,,,,,,,,,,,,,
https-mwcwatches-com-products-aeschbach-ww2-pattern-german-wehrmacht-luftwaffe-dienstuhr-army-airforce-service-watch-with-swiss-24-jewel-mechanical-movement,Aeschbach WW2 Pattern German Wehrmacht & Luftwaffe Dienstuhr (Army/Airforce Service Watch) with a 24 Jewel Swiss Sellita SW216 Movement and a Domed Vintage Box Sapphire Crystal,"<p><strong>SKU Code: AESC/DUH2CH</strong></p>
<p>This classic hand-winding WW2 pattern Aeschbach military watch features a Swiss 24 Jewel Sellita SW216 movement and a small subsidiary dial second hand. The design is based on the typical styles used by the German Wehrmacht and Luftwaffe during World War II. Although the original watches are now very rare and tend to fetch high prices, this watch is outwardly almost indistinguishable from the factory's WW2 models. It retains the acrylic crystal used on the original watches and upgrades the original 15-jewel hand-winding mechanical movement to a 24-jewel hand-winding movement. Additionally, it has been improved with 100m water resistance and a shatter and scratch-resistant box sapphire crystal, which looks identical to the original plexiglass crystal. This watch maintains the original outward appearance while incorporating multiple discreet updates to enhance its durability for daily use.</p>
<p>The original WW2 watches made for the Wehrmacht, Kriegsmarine, and Luftwaffe were produced by numerous Swiss and German manufacturers, including Aeschbach, which was founded in 1923 and continues to exist today. Collecting German military watches can be challenging due to the sheer number of suppliers at the time, comprising over 100 different manufacturers.</p>
<p>A group of military watch enthusiasts has compiled a list of these manufacturers, which can be found on their website at this link: <a rel=""noreferrer"" href=""https://military-watches.net/ww2-german-watches"" target=""_new"">WW2 German Watches</a>. The list seems to be almost complete, and they would appreciate it if anyone could fill in the few remaining gaps.</p>
<p>This particular watch has a solid stainless steel case made from military-grade 316L stainless steel, a subsidiary dial second hand, a screw-down crown, a hacking function, a black dial, and luminous markings.</p>
<p><strong>Specifications:</strong></p>
<ul>
<li>Case Diameter: 36.5 mm excluding crown, 39 mm including crown</li>
<li>Lug to Lug: 43 mm</li>
<li>Thickness: 12.5 mm</li>
<li>Lug Type: Spring strap bars</li>
<li>Dial Colour: Black</li>
<li>Case Material: 316L stainless steel</li>
<li>Caseback: 316L stainless steel</li>
<li>Crown: Stainless steel screw-down locking</li>
<li>Water Resistance: 100m / 330ft / 10 ATM</li>
<li>Movement: Hand-Wound Swiss 24 Jewel Mechanical Sellita SW216</li>
<li>Crystal: Shatter and scratch-resistant sapphire box crystal with anti-reflective coating</li>
<li>Luminous Material: Luminova</li>
<li>Serial number on caseback</li>
<li>Strap: <meta charset=""utf-8"">18mm Black Leather</li>
<li>Supplied in a box</li>
<li>24 Months Guarantee</li>
</ul>
<p><strong>The History of Aeschbach Watches</strong></p>
<p>The original WW2 watches made for the Wehrmacht, Kriegsmarine, and Luftwaffe were produced by numerous Swiss and German manufacturers, including Aeschbach, which was founded in 1923 and continues to exist today.</p>
<p>Aeschbach was a leading WWII watch manufacturer but faced significant misfortune during the war because they were located in Pforzheim, a town in southwestern Germany that was heavily bombed. The largest and most devastating raid was conducted by the Royal Air Force (RAF) on the evening of February 23, 1945. This attack resulted in the deaths of approximately 17,600 people, or 31.4% of the town's population, and destroyed about 83% of Pforzheim's buildings. The raid devastated two-thirds of the town, and between 80% and 100% of the inner city. The Aeschbach workshops were completely destroyed, meaning that the watches could no longer be manufactured.</p>
<p>However, the company saw a revival some years back when a family member, while sorting through an elderly deceased relative's belongings, discovered that many of the original technical drawings and a quantity of watches had survived. This find enabled him to devise a plan to restart the company, marking the return of Aeschbach watches.</p>
<ul>
<li>A lot of people ask us about the benefits of sapphire crystal over the original plexiglass. Synthetic sapphire is the best material for watch crystals because it is strong, shatter and scratch-resistant, making it very appealing to military and security personnel, police officers, and people who lead active outdoor lifestyles. These groups account for over 70% of our customers. The original plexiglass crystals, made of plastic/acrylic, were frequently used until the 1980s but were easily scratched and cracked, limiting the watch's water resistance. When clients manage to crack a crystal, over 90% are usually watches with mineral glass or plexiglass crystals. Even hardened mineral crystals do not come close to sapphire for durability under adverse conditions. Sapphire crystals are strong because, after manufacture, they are heat-treated to remove internal stresses, then made into watch crystals with two layers of anti-reflective coating applied. Of course, sapphire crystal comes at a price, so it is normally only fitted to higher specification watches.</li>
</ul>
<p><strong>SWISS SELLITA SW216 MOVEMENT WINDING GUIDELINES</strong></p>
<p>To wind the SW216 from an empty state to full, you'll need approximately 20 to 25 turns of the crown (most other hand-wound watches will need 30 to 40 turns, so this movement needs significantly less). Once fully wound, the watch boasts an average power reserve of around 42 hours. Exercise caution during the winding process because when the locking crown is secured, it adds an additional 3 or 4 winds while being screwed down, so this must be factored in. Most hand-wound watches of this type lack a screw-down crown, which we added to increase the water resistance rating to 100m/330ft.</p>
<p>For those who wear the watch daily and wind it consistently, say, every morning, a slight variation in the number of turns will not significantly impact the overall power reserve because it will be well below the maximum of around 42 hours.</p>
<p>Some users have reported that approximately 15/17 turns are sufficient when winding every 24 hours. This seems logical because the watch would not need a full wind after 24 hours. Nevertheless, individual preferences may vary, and most owners tend to develop a sense of the optimal winding routine within the first few days of ownership.</p>
<p>Above all, it's crucial to emphasize the importance of not overwinding the watch, which could lead to locking up issues or, worse, damage or breakage of the mainspring. Adhering to the recommended winding procedures ensures the longevity and proper functioning of the timepiece.</p>
<p><strong>To clarify, overwinding occurs when a mechanism is wound beyond its designated stopping point, posing the risk of damage or destruction to the winding mechanism. Overwinding is a concern primarily for manually-wound watches, not for their automatic counterparts, which normally cannot be overwound.</strong></p>",Aeschbach,Apparel & Accessories > Jewelry > Watches,Classic Range,"Classic Range, Handwound & Automatic Models",true,Title,Default Title,,,,,,,,AESC/DUH2CH,0.0,shopify,deny,manual,595.00,,true,false,,,,,,https://cdn.shopify.com/s/files/1/1140/1866/files/AESC_DUH2CHFrontS.jpg?v=1698328413,1,"",false,,,,,,,,,,,,,,,,,,,,,,,,,,,,,,,,,,,lb,,,active
https-mwcwatches-com-products-aeschbach-ww2-pattern-german-wehrmacht-luftwaffe-dienstuhr-army-airforce-service-watch-with-swiss-24-jewel-mechanical-movement,,,,,,,,,,,,,,,,,,,,,,,,,,,,,,,https://cdn.shopify.com/s/files/1/1140/1866/files/ABACH_DUHR2-Night_JUL0042b_7b025956-e3ca-4157-a0d9-a54be6619b24.jpg?v=1698328413,2,"",,,,,,,,,,,,,,,,,,,,,,,,,,,,,,,,,,,,,,,
https-mwcwatches-com-products-aeschbach-ww2-pattern-german-wehrmacht-luftwaffe-dienstuhr-army-airforce-service-watch-with-swiss-24-jewel-mechanical-movement,,,,,,,,,,,,,,,,,,,,,,,,,,,,,,,https://cdn.shopify.com/s/files/1/1140/1866/files/MWC-AESC_DUH1CH-SIDE.jpg?v=1698390918,3,"",,,,,,,,,,,,,,,,,,,,,,,,,,,,,,,,,,,,,,,
https-mwcwatches-com-products-aeschbach-ww2-pattern-german-wehrmacht-luftwaffe-dienstuhr-army-airforce-service-watch-with-swiss-24-jewel-mechanical-movement,,,,,,,,,,,,,,,,,,,,,,,,,,,,,,,https://cdn.shopify.com/s/files/1/1140/1866/files/AESC_DUH2CHBackS.jpg?v=1698390918,4,"",,,,,,,,,,,,,,,,,,,,,,,,,,,,,,,,,,,,,,,
https-mwcwatches-com-products-aeschbach-ww2-pattern-german-wehrmacht-luftwaffe-dienstuhr-army-airforce-service-watch-with-swiss-24-jewel-mechanical-movement,,,,,,,,,,,,,,,,,,,,,,,,,,,,,,,https://cdn.shopify.com/s/files/1/1140/1866/files/ABACH_DUHR2-in-box_JUL0051b_122cb6ca-1c05-4b96-ba8b-b3631ac4c212.jpg?v=1698390918,5,"",,,,,,,,,,,,,,,,,,,,,,,,,,,,,,,,,,,,,,,
https-mwcwatches-com-products-aeschbach-ww2-pattern-german-wehrmacht-luftwaffe-dienstuhr-army-airforce-service-watch-with-swiss-24-jewel-mechanical-movement,,,,,,,,,,,,,,,,,,,,,,,,,,,,,,,https://cdn.shopify.com/s/files/1/1140/1866/files/ABACH_DUHR2-box__JUL0056b_9f97bc58-85d1-41ce-a2d7-8b24bdea7b79.jpg?v=1698390918,6,"",,,,,,,,,,,,,,,,,,,,,,,,,,,,,,,,,,,,,,,
https-mwcwatches-com-products-aeschbach-ww2-pattern-german-wehrmacht-luftwaffe-dienstuhr-army-airforce-service-watch-with-swiss-24-jewel-mechanical-movement,,,,,,,,,,,,,,,,,,,,,,,,,,,,,,,https://cdn.shopify.com/s/files/1/1140/1866/files/SW216Movement_B.png?v=1698390918,7,"",,,,,,,,,,,,,,,,,,,,,,,,,,,,,,,,,,,,,,,
https-mwcwatches-com-products-aeschbach-ww2-pattern-german-wehrmacht-luftwaffe-dienstuhr-army-airforce-service-watch-with-swiss-24-jewel-mechanical-movement,,,,,,,,,,,,,,,,,,,,,,,,,,,,,,,https://cdn.shopify.com/s/files/1/1140/1866/files/LuftwaffePilotsWW2_15dcb958-221d-4097-9284-b6fb5dd8be01.jpg?v=1698390905,8,"",,,,,,,,,,,,,,,,,,,,,,,,,,,,,,,,,,,,,,,
copy-of-aeschbach-ww2-pattern-german-wehrmacht-luftwaffe-dienstuhr-army-airforce-service-watch-with-21-jewel-automatic-mechanical-movement-1,Aeschbach WW2 Pattern German Wehrmacht & Luftwaffe Dienstuhr (Army/Airforce Service Watch) with 17 Hand Wound Mechanical Movement,"<p><strong>SKU Code: ABACH/DUHR2/HW</strong></p>
<p>This hand-wound classic WW2 pattern Aeschbach* military watch, featuring a small subsidiary dial second hand, is based on the typical designs used by the German Luftwaffe and issued by the Reichsluftfahrtministerium (RLM / German Air Ministry). These watches did not remain in the possession of the Luftwaffe pilots and were issued on a mission-by-mission basis, to be returned to the quartermaster upon arrival back at the base. This watch is closely based on one of Aeschbach's WW2 designs. Although the original watches are now quite rare and tend to fetch high prices, this watch is outwardly almost indistinguishable from the factory's WW2 models. It retains the acrylic crystal used on the original watches, and the original 15-jewel hand-winding mechanical movement has been upgraded to a 17-jewel mechanical movement. The watch retains its original outward appearance while having the advantage of a few discreet updates to improve its suitability for daily use.</p>
<p>The original WW2 watches made for the Wehrmacht, Kriegsmarine, and Luftwaffe were produced by a large number of Swiss and German manufacturers, including Aeschbach, which was originally founded in 1923 and continues to exist to this day. Most of the watches were fairly similar, and while the British have the Dirty Dozen, collecting the German equivalents can be quite challenging due to the sheer number of suppliers at the time, comprising over 100 different manufacturers.</p>
<p>A group of military watch enthusiasts has compiled a list of the manufacturers, which appears on their website at this link: <a rel=""noreferrer"" href=""https://military-watches.net/ww2-german-watches"" target=""_new"">WW2 German Watches</a>. The list seems to be almost complete; no doubt they would appreciate it if anyone could fill in the few remaining gaps.</p>
<p>This particular watch has a solid stainless steel case made from military-grade 316L stainless steel, a subsidiary dial second hand, hacking function, black dial, and luminous markings.</p>
<p><strong>Specification:</strong></p>
<ul>
<li>Case Diameter: 36.5 mm excluding crown, 39 mm including crown</li>
<li>Lug to Lug: 43 mm</li>
<li>Thickness: 13.5 mm</li>
<li>Lug Type: Spring strap bars</li>
<li>Dial Colour: Black</li>
<li>Case Material: 316L stainless steel</li>
<li>Caseback: 316L stainless steel</li>
<li>Crown: 316L stainless steel</li>
<li>Water Resistance: 5 ATM (50 m)</li>
<li>Movement: 17 Jewel Hand Wound Mechanical with 36 Hour Power Reserve</li>
<li>Glass: Plexiglass / Perspex</li>
<li>Luminous Material: Luminova</li>
<li>Serial number on caseback</li>
<li>Strap: 18mm Black Leather</li>
<li>Supplied in a box</li>
<li>24 Months Guarantee</li>
</ul>
<p><strong>The History of Aeschbach Watches</strong></p>
<p>The original WW2 watches made for the Wehrmacht, Kriegsmarine, and Luftwaffe were produced by a large number of Swiss and German manufacturers, including Aeschbach, originally founded in 1923 and continuing to exist to this day.</p>
<p>Aeschbach watches were a leading WWII manufacturer but faced significant misfortune during the war because they were located in Pforzheim, a town in southwestern Germany that was heavily bombed. The largest and most devastating raid was conducted by the Royal Air Force (RAF) on the evening of February 23, 1945. This attack resulted in the deaths of approximately 17,600 people, or 31.4% of the town's population, and destroyed about 83% of Pforzheim's buildings. The raid devastated two-thirds of the town and between 80% and 100% of the inner city. The Aeschbach workshops were completely destroyed, meaning that the watches could no longer be manufactured.</p>
<p>However, the company saw a revival some years back when a family member, while sorting through an elderly deceased relative's belongings, discovered that many of the original technical drawings and a quantity of watches had survived. This find enabled him to devise a plan to restart the company, marking the return of Aeschbach watches.</p>
<p><em>* MWC are official distributors for Aeschbach watches.</em></p>
<p><strong>ESSENTIAL WINDING INSTRUCTIONS AND GUIDELINES</strong></p>
<p>To wind the watch from an empty state to full, you'll need approximately 30 turns of the crown (most other hand-wound watches will need 40 or more turns, so this movement needs somewhat less). Once fully wound, the watch boasts an average power reserve of around 36 hours. It's crucial to exercise caution during the winding process.</p>
<p>For those who use the watch on a daily basis and wind it consistently, say, every morning, a slight variation in the number of turns will not significantly impact the overall power reserve because it will be well below the maximum of around 36 hours.</p>
<p>Some users have reported that 25 turns are sufficient when winding every 24 hours. This seems logical because the watch would not need a full wind after 24 hours. Nevertheless, individual preferences may vary, and most owners tend to develop a sense of the optimal winding routine within the first few days of ownership.</p>
<p>Above all, it's crucial to emphasize the importance of not overwinding the watch, which could lead to locking up issues or, worse, damage or breakage of the mainspring. Adhering to the recommended winding procedures ensures the longevity and proper functioning of the timepiece.</p>
<p>To clarify, overwinding occurs when a mechanism is wound beyond its designated stopping point, posing the risk of damage or even destruction to the winding mechanism. It's important to note that overwinding is a concern primarily for manually-wound watches, not for their automatic counterparts which normally cannot be overwound.</p>",Aeschbach,Apparel & Accessories > Jewelry > Watches,Classic Range,"Classic Range, Handwound & Automatic Models",true,Title,Default Title,,,,,,,,ABACH/DUHR2/HW,0.0,shopify,deny,manual,239.00,,true,false,,,,,,https://cdn.shopify.com/s/files/1/1140/1866/files/ABACH_DUHR2_JUL0004b_9bad6c9e-a23e-4d7c-9d0e-fad642343746.jpg?v=1703089294,1,"",false,,,,,,,,,,,,,,,,,,,,,,,,,,,,,,,,,,,lb,,,active
copy-of-aeschbach-ww2-pattern-german-wehrmacht-luftwaffe-dienstuhr-army-airforce-service-watch-with-21-jewel-automatic-mechanical-movement-1,,,,,,,,,,,,,,,,,,,,,,,,,,,,,,,https://cdn.shopify.com/s/files/1/1140/1866/files/ABACH_DUHR2-Night_JUL0042b_2493e232-3ad1-445b-93ec-677a603b8797.jpg?v=1703089294,2,"",,,,,,,,,,,,,,,,,,,,,,,,,,,,,,,,,,,,,,,
copy-of-aeschbach-ww2-pattern-german-wehrmacht-luftwaffe-dienstuhr-army-airforce-service-watch-with-21-jewel-automatic-mechanical-movement-1,,,,,,,,,,,,,,,,,,,,,,,,,,,,,,,https://cdn.shopify.com/s/files/1/1140/1866/files/ABACH_DUHR1-Side_JAN0419b_5a7d7684-540b-4f4e-8890-25eace3e681c.jpg?v=1703089294,3,"",,,,,,,,,,,,,,,,,,,,,,,,,,,,,,,,,,,,,,,
copy-of-aeschbach-ww2-pattern-german-wehrmacht-luftwaffe-dienstuhr-army-airforce-service-watch-with-21-jewel-automatic-mechanical-movement-1,,,,,,,,,,,,,,,,,,,,,,,,,,,,,,,https://cdn.shopify.com/s/files/1/1140/1866/files/ABACH_DUHR2-caseback_e675f755-7d59-43c3-8d22-b3fda4b32aec.webp?v=1703089294,4,"",,,,,,,,,,,,,,,,,,,,,,,,,,,,,,,,,,,,,,,
copy-of-aeschbach-ww2-pattern-german-wehrmacht-luftwaffe-dienstuhr-army-airforce-service-watch-with-21-jewel-automatic-mechanical-movement-1,,,,,,,,,,,,,,,,,,,,,,,,,,,,,,,https://cdn.shopify.com/s/files/1/1140/1866/files/ABACH_DUHR2-in-box_JUL0051b_f77ae69e-57ec-4862-aba3-36afdfcd150f.jpg?v=1703089295,5,"",,,,,,,,,,,,,,,,,,,,,,,,,,,,,,,,,,,,,,,
copy-of-aeschbach-ww2-pattern-german-wehrmacht-luftwaffe-dienstuhr-army-airforce-service-watch-with-21-jewel-automatic-mechanical-movement-1,,,,,,,,,,,,,,,,,,,,,,,,,,,,,,,https://cdn.shopify.com/s/files/1/1140/1866/files/ABACH_DUHR2-box__JUL0056b_45555d44-8d0d-4f3f-a2bc-58b9391909e2.jpg?v=1703089295,6,"",,,,,,,,,,,,,,,,,,,,,,,,,,,,,,,,,,,,,,,
copy-of-aeschbach-ww2-pattern-german-wehrmacht-luftwaffe-dienstuhr-army-airforce-service-watch-with-21-jewel-automatic-mechanical-movement-1,,,,,,,,,,,,,,,,,,,,,,,,,,,,,,,https://cdn.shopify.com/s/files/1/1140/1866/files/LuftwaffePilotsWW2_98725f34-c75e-49a4-afd7-4eacd8ad40e5.jpg?v=1703089295,7,"",,,,,,,,,,,,,,,,,,,,,,,,,,,,,,,,,,,,,,,
aeschbach-ww2-pattern-german-airforce-luftwaffe-17-jewel-hand-wound-military-pocket-watch,Aeschbach WW2 Pattern German Airforce (Luftwaffe) 17 Jewel Hand Wound Military Pocket Watch,"<h2 data-end=""338"" data-start=""285""><strong data-end=""336"" data-start=""288"">Aeschbach WWII-Pattern Military Pocket Watch</strong></h2>
<p data-end=""359"" data-start=""339""><strong data-end=""347"" data-start=""339"">SKU:</strong> ABACH/RLMPW</p>
<p data-end=""751"" data-start=""361"">Military pocket watches — and their civilian counterparts — are enjoying a strong resurgence in popularity. Historically, these timepieces were widely used across land, air, and naval operations. During the Second World War, both Axis and Allied forces relied heavily on pocket watches, including the German <strong data-end=""711"" data-start=""669"">Wehrmacht, Kriegsmarine, and Luftwaffe</strong>, as well as British and American units.</p>
<p data-end=""1028"" data-start=""753"">At the time, wristwatches were typically small and difficult to read, averaging just <strong data-end=""846"" data-start=""838"">32mm</strong> in diameter. Pocket watches, by contrast, were significantly larger — often close to <strong data-end=""940"" data-start=""932"">50mm</strong> — offering far superior legibility, particularly in demanding operational environments.</p>
<h3 data-end=""1059"" data-start=""1030""><strong data-end=""1059"" data-start=""1034"">Historical Background</strong></h3>
<p data-end=""1315"" data-start=""1061"">This classic <strong data-end=""1130"" data-start=""1074"">World War II–pattern Aeschbach military pocket watch</strong>, featuring a subsidiary seconds dial, is based on designs originally issued to Luftwaffe aircrews under the authority of the <strong data-end=""1314"" data-start=""1256"">Reichsluftfahrtministerium (RLM – German Air Ministry)</strong>.</p>
<p data-end=""1748"" data-start=""1317"">During the war, pilots did not personally own these watches. Instead, they were issued on a mission-by-mission basis and returned to the quartermaster after each flight. The watch offered here closely mirrors one of Aeschbach’s original wartime designs. While genuine WWII examples are now scarce and command high prices, this modern production version is visually almost indistinguishable from those manufactured during the 1940s.</p>
<p data-end=""1992"" data-start=""1750"">The watch is fitted with a traditional <strong data-end=""1832"" data-start=""1789"">17-jewel hand-wound mechanical movement</strong> and updated with a <strong data-end=""1875"" data-start=""1852"">domed glass crystal</strong>, offering far greater durability than the easily scratched acrylic crystals commonly used during the wartime period.</p>
<p data-end=""2211"" data-start=""1994"">Original military pocket watches for the Wehrmacht, Kriegsmarine, and Luftwaffe were produced by numerous Swiss and German manufacturers — including <strong data-end=""2156"" data-start=""2143"">Aeschbach</strong>, a company founded in <strong data-end=""2187"" data-start=""2179"">1923</strong> and still active today.</p>
<hr data-end=""2216"" data-start=""2213"">
<h2 data-end=""2239"" data-start=""2218""><strong data-end=""2239"" data-start=""2221"">Specifications</strong></h2>
<ul>
<li data-end=""2265"" data-start=""2243"">
<strong data-end=""2256"" data-start=""2243"">Diameter:</strong> 47.5mm</li>
<li data-end=""2304"" data-start=""2268"">
<strong data-end=""2297"" data-start=""2268"">Length (including crown):</strong> 58mm</li>
<li data-end=""2328"" data-start=""2307"">
<strong data-end=""2321"" data-start=""2307"">Thickness:</strong> 14mm</li>
<li data-end=""2359"" data-start=""2331"">
<strong data-end=""2352"" data-start=""2331"">Crystal Diameter:</strong> 40mm</li>
<li data-end=""2393"" data-start=""2362"">
<strong data-end=""2379"" data-start=""2362"">Crystal Type:</strong> Domed glass</li>
<li data-end=""2436"" data-start=""2396"">
<strong data-end=""2409"" data-start=""2396"">Movement:</strong> Cal. 9011-PI, hand-wound</li>
<li data-end=""2455"" data-start=""2439"">
<strong data-end=""2450"" data-start=""2439"">Jewels:</strong> 17</li>
<li data-end=""2485"" data-start=""2458"">
<strong data-end=""2472"" data-start=""2458"">Beat Rate:</strong> 18,000 A/h</li>
<li data-end=""2524"" data-start=""2488"">
<strong data-end=""2506"" data-start=""2488"">Case Material:</strong> Stainless steel</li>
<li data-end=""2558"" data-start=""2527"">
<strong data-end=""2540"" data-start=""2527"">Caseback:</strong> Stainless steel</li>
<li data-end=""2587"" data-start=""2561"">
<strong data-end=""2576"" data-start=""2561"">Luminosity:</strong> Luminova</li>
<li data-end=""2634"" data-start=""2590"">
<strong data-end=""2603"" data-start=""2590"">Included:</strong> Supplied complete with chain</li>
<li data-end=""2679"" data-start=""2637"">
<strong data-end=""2651"" data-start=""2637"">Packaging:</strong> Original presentation box</li>
<li data-end=""2723"" data-start=""2682"">
<strong data-end=""2696"" data-start=""2682"">Guarantee:</strong> 2-year factory guarantee</li>
</ul>
<hr data-end=""2728"" data-start=""2725"">
<h2 data-end=""2772"" data-start=""2730""><strong data-end=""2772"" data-start=""2733"">Aeschbach Watches – A Brief History</strong></h2>
<p data-end=""3014"" data-start=""2774"">Aeschbach was a prominent manufacturer of military timepieces during World War II. Tragically, the company suffered catastrophic losses due to its location in <strong data-end=""2946"" data-start=""2933"">Pforzheim</strong>, a town that was heavily bombed during the final stages of the war.</p>
<p data-end=""3334"" data-start=""3016"">On <strong data-end=""3039"" data-start=""3019"">23 February 1945</strong>, the Royal Air Force carried out its most devastating raid on the town, resulting in approximately <strong data-end=""3160"" data-start=""3139"">17,600 fatalities</strong> — around <strong data-end=""3195"" data-start=""3170"">31% of the population</strong> — and the destruction of roughly <strong data-end=""3253"" data-start=""3229"">83% of all buildings</strong>. Aeschbach’s workshops were completely destroyed, bringing production to a halt.</p>
<p data-end=""3622"" data-start=""3336"">Years later, the company experienced an unexpected revival when a family member discovered a cache of original technical drawings and surviving watches among an elderly relative’s possessions. This remarkable find provided the foundation for the modern rebirth of <strong data-end=""3621"" data-start=""3600"">Aeschbach Watches</strong>.</p>
<p data-end=""3690"" data-start=""3624""><strong data-end=""3690"" data-start=""3624"">MWC is a factory-authorised distributor for Aeschbach watches.</strong></p>
<hr data-end=""3695"" data-start=""3692"">
<h2 data-end=""3743"" data-start=""3697""><strong data-end=""3743"" data-start=""3700"">Winding Instructions &amp; Usage Guidelines</strong></h2>
<p data-end=""4004"" data-start=""3745"">To fully wind the watch from a stopped state, approximately <strong data-end=""3830"" data-start=""3805"">30 turns of the crown</strong> are required — fewer than the 40 or more turns needed by many other hand-wound watches. Once fully wound, the watch provides an average <strong data-end=""4003"" data-start=""3967"">power reserve of around 36 hours</strong>.</p>
<p data-end=""4230"" data-start=""4006"">For daily use, most owners find that fewer turns (typically around <strong data-end=""4079"" data-start=""4073"">25</strong>) are sufficient, as the watch is rarely allowed to run down completely. Over time, users naturally develop a feel for their preferred winding routine.</p>
<p data-end=""4507"" data-start=""4232""><strong data-end=""4246"" data-start=""4232"">Important:</strong><br data-end=""4249"" data-start=""4246"">Please take care not to overwind the watch. Manual-wind movements can be damaged if wound beyond their designed limit, potentially affecting the mainspring and other internal components. Sensible winding ensures long-term reliability and optimal performance.</p>",Aeschbach,Apparel & Accessories > Jewelry > Watches,"",pocket watch,true,Title,Default Title,,,,,,,,ABACH/RLMPW,0.0,shopify,deny,manual,199.00,,true,false,,,,,,https://cdn.shopify.com/s/files/1/1140/1866/files/ABACH_RLMPW_FEB0757b.jpg?v=1707210299,1,"",false,,,,,,,,,,,,,,,,,,,,,,,,,,,,,,,,,,,kg,,,active
aeschbach-ww2-pattern-german-airforce-luftwaffe-17-jewel-hand-wound-military-pocket-watch,,,,,,,,,,,,,,,,,,,,,,,,,,,,,,,https://cdn.shopify.com/s/files/1/1140/1866/files/Pocket_Watch_Night.jpg?v=1745407064,2,"",,,,,,,,,,,,,,,,,,,,,,,,,,,,,,,,,,,,,,,
aeschbach-ww2-pattern-german-airforce-luftwaffe-17-jewel-hand-wound-military-pocket-watch,,,,,,,,,,,,,,,,,,,,,,,,,,,,,,,https://cdn.shopify.com/s/files/1/1140/1866/files/PocketWatchChain_FEB0801b_51e57ac6-2f04-4673-96c6-fab5da5dd528.jpg?v=1745407064,3,"",,,,,,,,,,,,,,,,,,,,,,,,,,,,,,,,,,,,,,,
aeschbach-ww2-pattern-german-airforce-luftwaffe-17-jewel-hand-wound-military-pocket-watch,,,,,,,,,,,,,,,,,,,,,,,,,,,,,,,https://cdn.shopify.com/s/files/1/1140/1866/files/ABACH_RLMPW_FEB0768b.jpg?v=1745407064,4,"",,,,,,,,,,,,,,,,,,,,,,,,,,,,,,,,,,,,,,,
aeschbach-ww2-pattern-german-airforce-luftwaffe-17-jewel-hand-wound-military-pocket-watch,,,,,,,,,,,,,,,,,,,,,,,,,,,,,,,https://cdn.shopify.com/s/files/1/1140/1866/files/ABACH_RLMPW_FEB0776b.jpg?v=1745407064,5,"",,,,,,,,,,,,,,,,,,,,,,,,,,,,,,,,,,,,,,,
aeschbach-ww2-pattern-german-airforce-luftwaffe-17-jewel-hand-wound-military-pocket-watch,,,,,,,,,,,,,,,,,,,,,,,,,,,,,,,https://cdn.shopify.com/s/files/1/1140/1866/files/AESCHBACHPWBOX_FEB0797b.jpg?v=1745407064,6,"",,,,,,,,,,,,,,,,,,,,,,,,,,,,,,,,,,,,,,,
aeschbach-ww2-pattern-german-airforce-luftwaffe-17-jewel-hand-wound-military-pocket-watch,,,,,,,,,,,,,,,,,,,,,,,,,,,,,,,https://cdn.shopify.com/s/files/1/1140/1866/files/Luftwaffe_Aeschbach_in_BF109.png?v=1768496283,7,"",,,,,,,,,,,,,,,,,,,,,,,,,,,,,,,,,,,,,,,
aeschbach-ww2-pattern-german-airforce-luftwaffe-17-jewel-hand-wound-military-pocket-watch,,,,,,,,,,,,,,,,,,,,,,,,,,,,,,,https://cdn.shopify.com/s/files/1/1140/1866/files/HE_AESCHBACH_Pocket_Watch_3.jpg?v=1768496283,8,"",,,,,,,,,,,,,,,,,,,,,,,,,,,,,,,,,,,,,,,
aeschbach-ww2-pattern-german-wehrmacht-luftwaffe-dienstuhr-army-airforce-service-watch-with-21-jewel-automatic-mechanical-movement-copy,Aeschbach WW2 Pattern German Wehrmacht & Luftwaffe Dienstuhr (Army/Airforce Service Watch) with Sapphire Box Crystal and a 21 Jewel Automatic Mechanical Movement,"<p data-end=""417"" data-start=""94""><strong>SKU: ABAC/DUHR2S</strong></p>
<p data-end=""417"" data-start=""94"">This<span> </span><strong data-end=""150"" data-start=""99"">automatic self-winding Aeschbach military watch</strong><span> </span>is a faithful recreation of the classic WWII designs used by the<span> </span><strong data-end=""250"" data-start=""216"">German Wehrmacht and Luftwaffe</strong>. While original wartime models are now rare and highly sought after, this modern version remains<span> </span><strong data-end=""377"" data-start=""348"">visually almost identical</strong><span> </span>to the factory's WWII-era timepieces.</p>
<p>This automatic self-winding MWC military watch pays tribute to the iconic British forces designs of the 1940s and 1950s. Featuring a small subsidiary seconds dial, it faithfully captures the style of the originals while integrating modern enhancements for durability and reliability.</p>
<ul>
<li>
<strong>Vintage Look, Modern Performance:</strong><span> </span>The watch retains the vintage aesthetic of the original models, including the appearance of an acrylic crystal, thanks to a modern sapphire box crystal that is virtually indistinguishable but far more scratch and shatter resistant.</li>
<li>
<strong>Upgraded Movement:</strong><span> </span>While the original featured a hand-wound mechanical movement, this model uses a 21-jewel self-winding automatic movement that can also be manually wound if preferred.</li>
<li>
<strong>Robust Build:</strong><span> </span>Constructed from Military Grade 316L stainless steel with a satin finish for a rugged yet classic look.</li>
<li>
<strong>Enhanced Legibility:</strong><span> </span>Black dial with luminous markings and a subsidiary second-hand dial for precise timekeeping.</li>
<li>
<strong>Historically Accurate Strap:</strong><span> </span>Comes with a canvas strap styled after those used by the British military during the 1940s and 50s.</li>
</ul>
<h3 data-end=""920"" data-start=""889""><strong data-end=""918"" data-start=""893"">Historical Background</strong></h3>
<p data-end=""1265"" data-start=""922"">During World War II, the<span> </span><strong data-end=""989"" data-start=""947"">Wehrmacht, Kriegsmarine, and Luftwaffe</strong><span> </span>sourced their timepieces from numerous<span> </span><strong data-end=""1063"" data-start=""1029"">Swiss and German manufacturers</strong>, including<span> </span><strong data-end=""1088"" data-start=""1075"">Aeschbach</strong>, which was established in 1923 and still exists today. Due to the sheer number of wartime watch suppliers—more than 100—collecting<span> </span><strong data-end=""1247"" data-start=""1220"">German military watches</strong><span> </span>can be complex.</p>
<p data-end=""1526"" data-start=""1267"">A dedicated group of military watch enthusiasts has compiled a<span> </span><strong data-end=""1352"" data-start=""1330"">comprehensive list</strong><span> </span>of these manufacturers, available online:<span> </span><a rel=""noopener"" href=""https://military-watches.net/ww2-german-watches"" target=""_blank""><strong data-end=""1417"" data-start=""1395"">WW2 German Watches</strong></a>. The list is nearly complete, but additional contributions are welcome to help fill in any remaining gaps.</p>
<h3 data-end=""1552"" data-start=""1528""><strong data-end=""1550"" data-start=""1532"">Specifications</strong></h3>
<ul data-end=""2187"" data-start=""1554"">
<li data-end=""1627"" data-start=""1554"">
<strong data-end=""1574"" data-start=""1556"">Case Diameter:</strong><span> </span>36.5 mm (excluding crown), 39 mm (including crown)</li>
<li data-end=""1653"" data-start=""1628"">
<strong data-end=""1645"" data-start=""1630"">Lug to Lug:</strong><span> </span>43 mm</li>
<li data-end=""1680"" data-start=""1654"">
<strong data-end=""1670"" data-start=""1656"">Thickness:</strong><span> </span>13.5 mm</li>
<li data-end=""1714"" data-start=""1681"">
<strong data-end=""1696"" data-start=""1683"">Lug Type:</strong><span> </span>Spring bar lugs</li>
<li data-end=""1741"" data-start=""1715"">
<strong data-end=""1733"" data-start=""1717"">Dial Colour:</strong><span> </span>Black</li>
<li data-end=""1785"" data-start=""1742"">
<strong data-end=""1762"" data-start=""1744"">Case Material:</strong><span> </span>316L stainless steel</li>
<li data-end=""1824"" data-start=""1786"">
<strong data-end=""1801"" data-start=""1788"">Caseback:</strong><span> </span>316L stainless steel</li>
<li data-end=""1860"" data-start=""1825"">
<strong data-end=""1837"" data-start=""1827"">Crown:</strong><span> </span>316L stainless steel</li>
<li data-end=""1899"" data-start=""1861"">
<strong data-end=""1884"" data-start=""1863"">Water Resistance:</strong><span> </span>10ATM (100 m)</li>
<li data-end=""1963"" data-start=""1900"">
<strong data-end=""1915"" data-start=""1902"">Movement:</strong><span> </span>21-jewel automatic with 36-hour power reserve</li>
<li data-end=""2001"" data-start=""1964"">
<strong data-end=""1978"" data-start=""1966"">Crystal:</strong><span> </span>Shatter and Scratch Resistant Box Sapphire</li>
<li data-end=""2037"" data-start=""2002"">
<strong data-end=""2026"" data-start=""2004"">Luminous Material:</strong><span> </span>Luminova</li>
<li data-end=""2085"" data-start=""2038"">
<strong data-end=""2058"" data-start=""2040"">Serial Number:</strong><span> </span>Engraved on the caseback</li>
<li data-end=""2119"" data-start=""2086"">
<strong data-end=""2098"" data-start=""2088"">Strap:</strong><span> </span>18mm black leather</li>
<li data-end=""2159"" data-start=""2120"">
<strong data-end=""2139"" data-start=""2122"">Presentation:</strong><span> </span>Supplied in a box</li>
<li data-end=""2187"" data-start=""2160"">
<strong data-end=""2175"" data-start=""2162"">Warranty:</strong><span> </span>24 months</li>
</ul>
<h3 data-end=""2231"" data-start=""2189""><strong data-end=""2229"" data-start=""2193"">The History of Aeschbach Watches</strong></h3>
<p data-end=""2653"" data-start=""2233"">Aeschbach was a<span> </span><strong data-end=""2284"" data-start=""2249"">leading WWII watch manufacturer</strong><span> </span>but suffered significant losses during the war. The company was based in<span> </span><strong data-end=""2371"" data-start=""2358"">Pforzheim</strong>, a key German watchmaking center, which was<span> </span><strong data-end=""2434"" data-start=""2416"">heavily bombed</strong><span> </span>during an<span> </span><strong data-end=""2482"" data-start=""2445"">RAF air raid on February 23, 1945</strong>. This attack destroyed approximately<span> </span><strong data-end=""2539"" data-start=""2520"">83% of the city</strong>, killed nearly<span> </span><strong data-end=""2572"" data-start=""2555"">17,600 people</strong>, and<span> </span><strong data-end=""2593"" data-start=""2578"">obliterated</strong><span> </span>the Aeschbach workshops, halting production indefinitely.</p>
<p data-end=""3029"" data-start=""2655"">However, the<span> </span><strong data-end=""2688"" data-start=""2668"">Aeschbach legacy</strong><span> </span>was revived when a<span> </span><strong data-end=""2725"" data-start=""2708"">family member</strong><span> </span>discovered<span> </span><strong data-end=""2806"" data-start=""2737"">surviving technical drawings and a collection of original watches</strong><span> </span>while sorting through an elderly relative’s belongings. This find paved the way for the<span> </span><strong data-end=""2928"" data-start=""2895"">relaunch of Aeschbach watches</strong>, ensuring that their<span> </span><strong data-end=""3000"" data-start=""2950"">historical craftsmanship and military heritage</strong><span> </span>continue to live on today.</p>
<p data-end=""3029"" data-start=""2655""><meta charset=""utf-8""><em>MWC are official authorised distributors for Aeschbach watches.</em></p>",Aeschbach,Apparel & Accessories > Jewelry > Watches,Classic Range,"Classic Range, Handwound & Automatic Models",true,Title,Default Title,,,,,,,,ABAC/DUHR2S,0.0,shopify,deny,manual,279.00,,true,false,,,,,,https://cdn.shopify.com/s/files/1/1140/1866/products/ABACH_DUHR2_JUL0004b.jpg?v=1657575621,1,"",false,,,,,,,,,,,,,,,,,,,,,,,,,,,,,,,,,,,lb,,,active
aeschbach-ww2-pattern-german-wehrmacht-luftwaffe-dienstuhr-army-airforce-service-watch-with-21-jewel-automatic-mechanical-movement-copy,,,,,,,,,,,,,,,,,,,,,,,,,,,,,,,https://cdn.shopify.com/s/files/1/1140/1866/products/ABACH_DUHR2-Night_JUL0042b.jpg?v=1657575621,2,"",,,,,,,,,,,,,,,,,,,,,,,,,,,,,,,,,,,,,,,
aeschbach-ww2-pattern-german-wehrmacht-luftwaffe-dienstuhr-army-airforce-service-watch-with-21-jewel-automatic-mechanical-movement-copy,,,,,,,,,,,,,,,,,,,,,,,,,,,,,,,https://cdn.shopify.com/s/files/1/1140/1866/products/ABACH_DUHR1-Side_JAN0419b_d21517c9-2976-4ad7-bb4d-30fddb95ff4b.jpg?v=1657575621,3,"",,,,,,,,,,,,,,,,,,,,,,,,,,,,,,,,,,,,,,,
aeschbach-ww2-pattern-german-wehrmacht-luftwaffe-dienstuhr-army-airforce-service-watch-with-21-jewel-automatic-mechanical-movement-copy,,,,,,,,,,,,,,,,,,,,,,,,,,,,,,,https://cdn.shopify.com/s/files/1/1140/1866/products/ABACH_DUHR2-caseback.webp?v=1657575621,4,"",,,,,,,,,,,,,,,,,,,,,,,,,,,,,,,,,,,,,,,
aeschbach-ww2-pattern-german-wehrmacht-luftwaffe-dienstuhr-army-airforce-service-watch-with-21-jewel-automatic-mechanical-movement-copy,,,,,,,,,,,,,,,,,,,,,,,,,,,,,,,https://cdn.shopify.com/s/files/1/1140/1866/products/ABACH_DUHR2-in-box_JUL0051b.jpg?v=1657575621,5,"",,,,,,,,,,,,,,,,,,,,,,,,,,,,,,,,,,,,,,,
aeschbach-ww2-pattern-german-wehrmacht-luftwaffe-dienstuhr-army-airforce-service-watch-with-21-jewel-automatic-mechanical-movement-copy,,,,,,,,,,,,,,,,,,,,,,,,,,,,,,,https://cdn.shopify.com/s/files/1/1140/1866/products/ABACH_DUHR2-box__JUL0056b.jpg?v=1657575621,6,"",,,,,,,,,,,,,,,,,,,,,,,,,,,,,,,,,,,,,,,
aeschbach-ww2-pattern-german-wehrmacht-luftwaffe-dienstuhr-army-airforce-service-watch-with-21-jewel-automatic-mechanical-movement-copy,,,,,,,,,,,,,,,,,,,,,,,,,,,,,,,https://cdn.shopify.com/s/files/1/1140/1866/products/LuftwaffePilotsWW2.jpg?v=1657970348,7,"",,,,,,,,,,,,,,,,,,,,,,,,,,,,,,,,,,,,,,,
aeschbach-ww2-pattern-germany-luftwaffe-reichsluftfahrtministerium-rlm-pilots-watch-with-a-24-jewel-swiss-sellita-sw260-automatic-movement-and-a-domed-vintage-box-sapphire-crystal-copy,Aeschbach WW2 Pattern Germany Luftwaffe / Reichsluftfahrtministerium (RLM) Pilots Watch with an Automatic Swiss 31 Jewel Sellita SW260 Movement and a Domed Vintage Box Sapphire Crystal,"<p data-end=""312"" data-start=""209""><strong data-end=""234"" data-start=""209"">SKU Code: AESCDUH1CHA</strong><br></p>
<p data-end=""819"" data-start=""314"">This classic WW2-style military watch is a faithful recreation of an original Aeschbach* model used by the German Wehrmacht and Luftwaffe during the Second World War. While it retains the authentic look and feel of the original 1940s design, this updated version incorporates significant modern upgrades, including a robust <strong data-end=""683"" data-start=""638"">31-jewel Sellita SW260 automatic movement</strong>, <strong data-end=""710"" data-start=""685"">100m water resistance</strong>, and a <strong data-end=""773"" data-start=""718"">scratch- and shatter-resistant box sapphire crystal</strong> that visually mimics the original plexiglass.</p>
<p data-end=""1251"" data-start=""821"">Though the wartime originals are now rare and highly collectible, this model is outwardly almost indistinguishable from its 1940s counterparts. However, it has been subtly enhanced for daily wear, delivering reliability and durability without compromising authenticity. The original hand-wound 15-jewel movement has been replaced by a modern Swiss automatic movement, improving functionality while preserving historical character.</p>
<hr data-end=""1256"" data-start=""1253"">
<h3 data-end=""1284"" data-start=""1258""><strong data-end=""1284"" data-start=""1262"">Historical Context</strong></h3>
<p data-end=""1662"" data-start=""1286"">During WW2, Aeschbach was among over 100 manufacturers producing timepieces for the <strong data-end=""1412"" data-start=""1370"">Wehrmacht, Luftwaffe, and Kriegsmarine</strong>. The company was established in 1923 and was originally based in <strong data-end=""1491"" data-start=""1478"">Pforzheim</strong>, a German city heavily bombed in February 1945. Tragically, the air raid destroyed the Aeschbach workshops and much of the city, putting an end to production at the time.</p>
<p data-end=""1959"" data-start=""1664"">Decades later, the brand was revived when a descendant of the Aeschbach family discovered a trove of surviving watches and original technical drawings in a deceased relative’s belongings. This discovery allowed the company to restart production, preserving a unique piece of horological history.</p>
<hr data-end=""1964"" data-start=""1961"">
<h3 data-end=""1995"" data-start=""1966""><strong data-end=""1995"" data-start=""1970"">Why Sapphire Crystal?</strong></h3>
<p data-end=""2179"" data-start=""1997"">The original watches featured <strong data-end=""2041"" data-start=""2027"">plexiglass</strong> crystals—lightweight but prone to scratches and cracks. Modern versions use <strong data-end=""2140"" data-start=""2118"">synthetic sapphire</strong>, chosen for its superior durability combining vintage style with modern durability. Inspired by the domed designs of the 1950s, the raised crystal offers a classic look while providing exceptional scratch resistance—second only to diamond. Sapphire stays clear and pristine over time, enhancing legibility and long-term resilience. The watch has also been upgraded to an automatic movement, replacing the original hand-wound mechanical version. It can still be manually wound if preferred, offering flexibility alongside convenience. This blend of traditional aesthetics and modern performance ensures a timeless appearance with practical enhancements for everyday wear.</p>
<ul>
<li data-end=""2249"" data-start=""2182"">
<strong data-end=""2203"" data-start=""2182"">Scratch-Resistant</strong>: Exceptionally hard, second only to diamond</li>
<li data-end=""2321"" data-start=""2252"">
<strong data-end=""2273"" data-start=""2252"">Shatter-Resistant</strong>: Tougher than mineral or acrylic alternatives</li>
<li data-end=""2396"" data-start=""2324"">
<strong data-end=""2351"" data-start=""2324"">Anti-Reflective Coating</strong>: Applied in two layers for optimal clarity</li>
</ul>
<p data-end=""2672"" data-start=""2398"">This makes it an ideal choice for military personnel, first responders, and anyone leading an active lifestyle—over 70% of our customer base. Watches with plexiglass or standard mineral glass are far more prone to damage under pressure, especially in demanding environments.</p>
<hr data-end=""2677"" data-start=""2674"">
<h3 data-end=""2701"" data-start=""2679""><strong data-end=""2701"" data-start=""2683"">Specifications</strong></h3>
<ul>
<li data-end=""2776"" data-start=""2705"">
<strong data-end=""2722"" data-start=""2705"">Case Diameter</strong>: 36.5 mm (excluding crown), 39 mm (including crown)</li>
<li data-end=""2802"" data-start=""2779"">
<strong data-end=""2793"" data-start=""2779"">Lug to Lug</strong>: 43 mm</li>
<li data-end=""2829"" data-start=""2805"">
<strong data-end=""2818"" data-start=""2805"">Thickness</strong>: 12.5 mm</li>
<li data-end=""2878"" data-start=""2832"">
<strong data-end=""2844"" data-start=""2832"">Lug Type</strong>: Drilled for easy strap changes</li>
<li data-end=""2905"" data-start=""2881"">
<strong data-end=""2896"" data-start=""2881"">Dial Colour</strong>: Black</li>
<li data-end=""2966"" data-start=""2908"">
<strong data-end=""2927"" data-start=""2908"">Case &amp; Caseback</strong>: Military-grade 316L stainless steel</li>
<li data-end=""3017"" data-start=""2969"">
<strong data-end=""2978"" data-start=""2969"">Crown</strong>: Screw-down stainless steel, locking</li>
<li data-end=""3065"" data-start=""3020"">
<strong data-end=""3040"" data-start=""3020"">Water Resistance</strong>: 100m / 330ft / 10 ATM</li>
<li data-end=""3156"" data-start=""3068"">
<strong data-end=""3079"" data-start=""3068"">Crystal</strong>: Box sapphire, shatter- and scratch-resistant with anti-reflective coating</li>
<li data-end=""3236"" data-start=""3159"">
<strong data-end=""3171"" data-start=""3159"">Movement</strong>: Swiss Sellita SW260, 31-jewel automatic with hacking function</li>
<li data-end=""3280"" data-start=""3239"">
<strong data-end=""3250"" data-start=""3239"">Subdial</strong>: Small seconds at 6 o’clock</li>
<li data-end=""3344"" data-start=""3283"">
<strong data-end=""3304"" data-start=""3283"">Luminous Material</strong>: Luminova for visibility in low light</li>
<li data-end=""3378"" data-start=""3347"">
<strong data-end=""3356"" data-start=""3347"">Strap</strong>: 18mm black leather</li>
<li data-end=""3426"" data-start=""3381"">
<strong data-end=""3394"" data-start=""3381"">Packaging</strong>: Supplied in presentation box</li>
<li data-end=""3454"" data-start=""3429"">
<strong data-end=""3441"" data-start=""3429"">Warranty</strong>: 24 months</li>
<li data-end=""3496"" data-start=""3457"">
<strong data-end=""3474"" data-start=""3457"">Serial Number</strong>: Engraved on caseback</li>
</ul>
<hr data-end=""3501"" data-start=""3498"">
<p data-end=""3726"" data-start=""3503"">For a deeper dive into WW2 German military watch manufacturers, a near-complete list compiled by enthusiasts can be found <a href=""https://military-watches.net/ww2-german-watches"" title=""https://military-watches.net/ww2-german-watches"" rel=""noopener"" target=""_blank"">here</a>. If you have knowledge to contribute, they welcome your input to help complete the archive.</p>
<!---->",Aeschbach,Apparel & Accessories > Jewelry > Watches,Classic Range,"Classic Range, Handwound & Automatic Models, New In",true,Title,Default Title,,,,,,,,AESCDUH1CHA,0.0,shopify,deny,manual,595.00,,true,false,,,,,,https://cdn.shopify.com/s/files/1/1140/1866/files/AESC_DUH1CHFrontL.jpg?v=1698328526,1,"",false,,,,,,,,,,,,,,,,,,,,,,,,,,,,,,,,,,,lb,,,active
aeschbach-ww2-pattern-germany-luftwaffe-reichsluftfahrtministerium-rlm-pilots-watch-with-a-24-jewel-swiss-sellita-sw260-automatic-movement-and-a-domed-vintage-box-sapphire-crystal-copy,,,,,,,,,,,,,,,,,,,,,,,,,,,,,,,https://cdn.shopify.com/s/files/1/1140/1866/files/MWC-AESC_DUH1CH-SIDE_c9629c3c-0db8-4ca8-8548-2d03f60051b0.jpg?v=1698390963,2,"",,,,,,,,,,,,,,,,,,,,,,,,,,,,,,,,,,,,,,,
aeschbach-ww2-pattern-germany-luftwaffe-reichsluftfahrtministerium-rlm-pilots-watch-with-a-24-jewel-swiss-sellita-sw260-automatic-movement-and-a-domed-vintage-box-sapphire-crystal-copy,,,,,,,,,,,,,,,,,,,,,,,,,,,,,,,https://cdn.shopify.com/s/files/1/1140/1866/files/AESC_DUH1CHBackL.jpg?v=1698390963,3,"",,,,,,,,,,,,,,,,,,,,,,,,,,,,,,,,,,,,,,,
aeschbach-ww2-pattern-germany-luftwaffe-reichsluftfahrtministerium-rlm-pilots-watch-with-a-24-jewel-swiss-sellita-sw260-automatic-movement-and-a-domed-vintage-box-sapphire-crystal-copy,,,,,,,,,,,,,,,,,,,,,,,,,,,,,,,https://cdn.shopify.com/s/files/1/1140/1866/files/Aeschbach-1-box_JAN0404b_ff627b02-8380-4f6a-999d-ad17d1d96c80.jpg?v=1698390963,4,"",,,,,,,,,,,,,,,,,,,,,,,,,,,,,,,,,,,,,,,
aeschbach-ww2-pattern-germany-luftwaffe-reichsluftfahrtministerium-rlm-pilots-watch-with-a-24-jewel-swiss-sellita-sw260-automatic-movement-and-a-domed-vintage-box-sapphire-crystal-copy,,,,,,,,,,,,,,,,,,,,,,,,,,,,,,,https://cdn.shopify.com/s/files/1/1140/1866/files/LuftwaffePilotsWW2_5c38cfc2-e799-407f-ac5a-727c35f617d8.jpg?v=1698390963,5,"",,,,,,,,,,,,,,,,,,,,,,,,,,,,,,,,,,,,,,,
aeschbach-ww2-pattern-germany-luftwaffe-reichsluftfahrtministerium-rlm-pilots-watch-with-a-24-jewel-swiss-sellita-sw260-automatic-movement-and-a-domed-vintage-box-sapphire-crystal-copy,,,,,,,,,,,,,,,,,,,,,,,,,,,,,,,https://cdn.shopify.com/s/files/1/1140/1866/files/SW_260_MWC_Sellita_Movement.jpg?v=1751458189,6,"",,,,,,,,,,,,,,,,,,,,,,,,,,,,,,,,,,,,,,,
